,list
0,Ramayana: The Legend of Prince Rama
1,Rocketry: The Nambi Effect
2,Golmaal
3,777 Charlie
4,Nayakan
5,Anbe Sivam
6,Jai Bhim
7,Pariyerum Perumal
8,3 Idiots
9,Manichitrathazhu
10,Apur Sansar
11,#Home
12,Black Friday
13,Kumbalangi Nights
14,Soorarai Pottru
15,Taare Zameen Par
16,C/o Kancharapalem
17,Kireedam
18,Dangal
19,Kaithi
20,Jersey
21,96
22,Asuran
23,Natsamrat
24,Thevar Magan
25,Kantara
26,Drishyam 2
27,Visaaranai
28,Thalapathi
29,Pather Panchali
30,Sarpatta Parambarai
31,Sita Ramam
32,Jaane Bhi Do Yaaro
33,Thani Oruvan
34,Sardar Udham
35,Drishyam
36,Aparajito
37,Khosla Ka Ghosla!
38,Vada Chennai
39,Ratsasan
40,Anniyan
41,Chupke Chupke
42,Peranbu
43,Mahanati
44,Gangs of Wasseypur
45,Satya
46,Bangalore Days
47,Premam
48,Agent Sai Srinivasa Athreya
49,Drishyam
50,Devasuram
51,Super Deluxe
52,Bhaag Milkha Bhaag
53,Tumbbad
54,Andhadhun
55,Vikram Vedha
56,Guide
57,Chithram
58,Vikram
59,Kannathil Muthamittal
60,Zindagi Na Milegi Dobara
61,Sairat
62,Shahid
63,Drishyam 2
64,Aruvi
65,Chhichhore
66,Paan Singh Tomar
67,Iruvar
68,Pyaasa
69,"Swades: We, the People"
70,Chak De! India
71,Spadikam
72,Munna Bhai M.B.B.S.
73,Uri: The Surgical Strike
74,Mudhalvan
75,Black
76,Jo Jeeta Wohi Sikandar
77,Dhuruvangal Pathinaaru
78,Hera Pheri
79,Lagaan: Once Upon a Time in India
80,Papanasam
81,Pudhu Pettai
82,Queen
83,PK
84,Article 15
85,Talvar
86,Mandela
87,Sarfarosh
88,OMG: Oh My God!
89,Soodhu Kavvum
90,Sholay
91,Udaan
92,Barfi!
93,Jigarthanda
94,The Legend of Bhagat Singh
95,Kaakkaa Muttai
96,Ustad Hotel
97,Theeran Adhigaaram Ondru
98,Angoor
99,Baahubali 2: The Conclusion
100,Rang De Basanti
101,Kahaani
102,Masaan
103,A Wednesday
104,Dil Chahta Hai
105,Jana Gana Mana
106,Maheshinte Prathikaaram
107,Baasha
108,Shershaah
109,Lage Raho Munna Bhai
110,Virumandi
111,Iqbal
112,Pink
113,Roja
114,Anand
115,Pithamagan
116,Nil Battey Sannata
117,Kaun Pravin Tambe?
118,Lucia
119,Charulata
120,Bajrangi Bhaijaan
121,Omkara
122,Section 375
123,Oru Vadakkan Veeragatha
124,Bommarillu
125,Alai Payuthey
126,Bombay
127,K.G.F: Chapter 1
128,Indian
129,Rangasthalam
130,Dilwale Dulhania Le Jayenge
131,Haider
132,Mughal-E-Azam
133,The Great Indian Kitchen
134,Athadu
135,Andaz Apna Apna
136,Special Chabbis
137,Maqbool
138,Vaaranam Aayiram
139,K.G.F: Chapter 2
140,Gulaal
141,Padayappa
142,Thadam
143,Maanaadu
144,Pelli Choopulu
145,Ulidavaru Kandanthe
146,Deewaar
147,Company
148,Vaastav: The Reality
149,Ugly
150,Badhaai ho
151,Padosan
152,Gully Boy
153,Naduvula Konjam Pakkatha Kaanom
154,Kshanam
155,Evaru
156,Dev.D
157,My Name Is Khan
158,Aadukalam
159,Nayattu
160,Maanagaram
161,Thondimuthalum Dhriksakshiyum
162,Kal Ho Naa Ho
163,Pranchiyettan and the Saint
164,Major
165,Baishe Srabon
166,Take Off
167,Jab We Met
168,Manjhi: The Mountain Man
169,Garuda Gamana Vrishabha Vahana
170,Mukkabaaz
171,Border
172,Ship of Theseus
173,Ayyappanum Koshiyum
174,Super 30
175,Vedam
176,Dil Bechara
177,Charlie
178,Deiva Thirumagal
179,BÃ£hubali: The Beginning
180,Android Kunjappan Version 5.25
181,Arjun Reddy
182,Salaam Bombay!
183,Padman
184,M.S. Dhoni: The Untold Story
185,Karnan
186,Ankhon Dekhi
187,Baby
188,Kirik Party
189,RRR (Rise Roar Revolt)
190,Jalsaghar
191,Vinnaithaandi Varuvaayaa
192,The Tashkent Files
193,Pizza
194,Hindi Medium
195,Malik
196,English Vinglish
197,Lakshya
198,Johnny Gaddaar
199,Dor
200,Airlift
201,Memories
202,Hey Ram
203,Joseph
204,Hridayam
205,Love Today
206,Gangaajal
207,Kaakha..Kaakha: The Police
208,Anjaam Pathiraa
209,Okkadu
210,Pokiri
211,The Lunchbox
212,Vettaiyaadu Vilaiyaadu
213,Ab Tak Chhappan
214,Mumbai Police
215,Thuppakki
216,RangiTaranga
217,Manam
218,Unnaipol Oruvan
219,Angamaly Diaries
220,Vicky Donor
221,Ghilli
222,Mother India
223,Veer-Zaara
224,Oopiri
225,Secret Superstar
226,Mr. India
227,Nayak: The Real Hero
228,Stanley Ka Dabba
229,Rock On!!
230,Kaththi
231,Mimi
232,Udta Punjab
233,Sonchiriya
234,Badla
235,Thulladha Manamum Thullum
236,Happy Days
237,Dasvidaniya
238,Oru CBI Diary Kurippu
239,Aayirathil Oruvan
240,Raazi
241,Dia
242,Kai po che!
243,Minnal Murali
244,Poove Unakkaga
245,Goodachari
246,Don
247,Joji
248,Aligarh
249,Ko
